timestamp,title,url,source
02-20-2025,Combined Notice of Filings #1,https://www.federalregister.gov/documents/2025/02/20/2025-02846/combined-notice-of-filings-1,Energy Department; Federal Energy Regulatory Commission
02-19-2025,Sunshine Act Meetings,https://www.federalregister.gov/documents/2025/02/19/2025-02839/sunshine-act-meetings,Energy Department; Federal Energy Regulatory Commission
02-19-2025,Combined Notice of Filings #1,https://www.federalregister.gov/documents/2025/02/19/2025-02776/combined-notice-of-filings-1,Energy Department; Federal Energy Regulatory Commission
02-18-2025,Combined Notice of Filings #1,https://www.federalregister.gov/documents/2025/02/18/2025-02716/combined-notice-of-filings-1,Energy Department; Federal Energy Regulatory Commission
02-14-2025,Combined Notice of Filings #1,https://www.federalregister.gov/documents/2025/02/14/2025-02654/combined-notice-of-filings-1,Energy Department; Federal Energy Regulatory Commission
02-13-2025,Combined Notice of Filings #1,https://www.federalregister.gov/documents/2025/02/13/2025-02579/combined-notice-of-filings-1,Energy Department; Federal Energy Regulatory Commission
02-12-2025,Combined Notice of Filings #1,https://www.federalregister.gov/documents/2025/02/12/2025-02531/combined-notice-of-filings-1,Energy Department; Federal Energy Regulatory Commission
02-12-2025,Combined Notice of Filings #3,https://www.federalregister.gov/documents/2025/02/12/2025-02530/combined-notice-of-filings-3,Energy Department; Federal Energy Regulatory Commission
02-12-2025,Combined Notice of Filings #2,https://www.federalregister.gov/documents/2025/02/12/2025-02529/combined-notice-of-filings-2,Energy Department; Federal Energy Regulatory Commission
02-11-2025,Notice of Effectiveness of Exempt Wholesale Generator and Foreign Utility Company Status,https://www.federalregister.gov/documents/2025/02/11/2025-02474/notice-of-effectiveness-of-exempt-wholesale-generator-and-foreign-utility-company-status,Energy Department; Federal Energy Regulatory Commission
02-11-2025,Combined Notice of Filings #1,https://www.federalregister.gov/documents/2025/02/11/2025-02451/combined-notice-of-filings-1,Energy Department; Federal Energy Regulatory Commission
02-11-2025,Combined Notice of Filings #2,https://www.federalregister.gov/documents/2025/02/11/2025-02450/combined-notice-of-filings-2,Energy Department; Federal Energy Regulatory Commission
02-11-2025,Combined Notice of Filings #3,https://www.federalregister.gov/documents/2025/02/11/2025-02440/combined-notice-of-filings-3,Energy Department; Federal Energy Regulatory Commission
02-11-2025,Combined Notice of Filings #2,https://www.federalregister.gov/documents/2025/02/11/2025-02439/combined-notice-of-filings-2,Energy Department; Federal Energy Regulatory Commission
02-11-2025,Combined Notice of Filings #1,https://www.federalregister.gov/documents/2025/02/11/2025-02437/combined-notice-of-filings-1,Energy Department; Federal Energy Regulatory Commission
02-07-2025,Combined Notice of Filings #1,https://www.federalregister.gov/documents/2025/02/07/2025-02371/combined-notice-of-filings-1,Energy Department; Federal Energy Regulatory Commission
02-07-2025,Combined Notice of Filings #2,https://www.federalregister.gov/documents/2025/02/07/2025-02366/combined-notice-of-filings-2,Energy Department; Federal Energy Regulatory Commission
02-07-2025,"Transwestern Pipeline Company, LLC; Notice of Scoping Period Requesting Comments on Environmental Issues for the Proposed WT-0 Compressor Station Project",https://www.federalregister.gov/documents/2025/02/07/2025-02355/transwestern-pipeline-company-llc-notice-of-scoping-period-requesting-comments-on-environmental,Energy Department; Federal Energy Regulatory Commission
02-07-2025,Combined Notice of Filings #1,https://www.federalregister.gov/documents/2025/02/07/2025-02322/combined-notice-of-filings-1,Energy Department; Federal Energy Regulatory Commission
02-07-2025,Combined Notice of Filings #2,https://www.federalregister.gov/documents/2025/02/07/2025-02321/combined-notice-of-filings-2,Energy Department; Federal Energy Regulatory Commission
02-05-2025,Combined Notice of Filings #1,https://www.federalregister.gov/documents/2025/02/05/2025-02241/combined-notice-of-filings-1,Energy Department; Federal Energy Regulatory Commission
02-04-2025,Combined Notice of Filings #1,https://www.federalregister.gov/documents/2025/02/04/2025-02192/combined-notice-of-filings-1,Energy Department; Federal Energy Regulatory Commission
02-04-2025,Combined Notice of Filings #1,https://www.federalregister.gov/documents/2025/02/04/2025-02159/combined-notice-of-filings-1,Energy Department; Federal Energy Regulatory Commission
01-31-2025,Combined Notice of Filings #1,https://www.federalregister.gov/documents/2025/01/31/2025-02058/combined-notice-of-filings-1,Energy Department; Federal Energy Regulatory Commission
01-31-2025,Combined Notice of Filings #1,https://www.federalregister.gov/documents/2025/01/31/2025-01980/combined-notice-of-filings-1,Energy Department; Federal Energy Regulatory Commission
01-29-2025,Combined Notice of Filings #1,https://www.federalregister.gov/documents/2025/01/29/2025-01873/combined-notice-of-filings-1,Energy Department; Federal Energy Regulatory Commission
01-28-2025,Combined Notice of Filings #1,https://www.federalregister.gov/documents/2025/01/28/2025-01799/combined-notice-of-filings-1,Energy Department; Federal Energy Regulatory Commission
01-27-2025,Combined Notice of Filings #1,https://www.federalregister.gov/documents/2025/01/27/2025-01763/combined-notice-of-filings-1,Energy Department; Federal Energy Regulatory Commission
01-27-2025,Initiation of Antidumping and Countervailing Duty Administrative Reviews,https://www.federalregister.gov/documents/2025/01/27/2025-01751/initiation-of-antidumping-and-countervailing-duty-administrative-reviews,Commerce Department; International Trade Administration
01-27-2025,Combined Notice of Filings #1,https://www.federalregister.gov/documents/2025/01/27/2025-01734/combined-notice-of-filings-1,Energy Department; Federal Energy Regulatory Commission
